{
  "key": "ea58264fa3de",
  "scenarios": [
    [
      2.0,
      16,
      "uniform",
      1.0
    ],
    [
      1.0,
      16,
      "uniform",
      1.0
    ],
    [
      0.5,
      16,
      "uniform",
      1.0
    ],
    [
      0.25,
      16,
      "uniform",
      1.0
    ],
    [
      0.1,
      16,
      "uniform",
      1.0
    ],
    [
      2.0,
      16,
      "zipfian",
      1.0
    ],
    [
      1.0,
      16,
      "zipfian",
      1.0
    ],
    [
      0.5,
      16,
      "zipfian",
      1.0
    ],
    [
      0.25,
      16,
      "zipfian",
      1.0
    ],
    [
      0.1,
      16,
      "zipfian",
      1.0
    ],
    [
      2.0,
      16,
      "mixgraph",
      1.0
    ],
    [
      1.0,
      16,
      "mixgraph",
      1.0
    ],
    [
      0.5,
      16,
      "mixgraph",
      1.0
    ],
    [
      0.25,
      16,
      "mixgraph",
      1.0
    ],
    [
      0.1,
      16,
      "mixgraph",
      1.0
    ]
  ],
  "num_ops": 3000000,
  "found_rate": 0.63,
  "seed": 42,
  "reapply_every": 150000,
  "per_scenario_us": {
    "0": 118.237747,
    "1": 172.852685,
    "2": 231.213592,
    "3": 277.459883,
    "4": 333.941214,
    "5": 72.65663,
    "6": 106.141685,
    "7": 147.726496,
    "8": 186.556204,
    "9": 240.787733,
    "10": 79.718327,
    "11": 93.288904,
    "12": 126.8932,
    "13": 182.884563,
    "14": 257.07563
  }
}